title,importance
xrisk-as-attractor,10
cause-prioritisation,10
consent-as-evidence,9
great-flu,8
stranger,8
why-moral-theory,8
max-wage,8
hansonia,8
libya,7
age,7
genetic-privacy,7
estimating-controversy,7
heretics,7
death-index-2016,7
scarcity,7
turing-bio,7
nonvicious-responses-unemployment,7
aid-abolitionism,6
safety-in-gridworlds,6
tories-disabled-deaths,6
social-benefit-of-modelling,6
einstein,6
rare-quality,6
on-oai5,6
gridworlds-notes,6
greek-industry,6
the-worst-prisoners-dilemma,6
human-ceiling,6
supplements,6
blindsight,6
private-and-social-costs-of-education,6
anaesthetatron,6
hitler-uranium,5
browser-hardening,5
psychology-debunked,5
worldview-in-five-books,5
why-no-philosopher,5
bad-introspections,5
procrastination,5
uncritical,5
watts-tumor,5
inhabiting-a-corporation,5
pieties,5
insurance-scam,5
perelman,4
of-broadness-and-rank,4
pi-tau,4
yoga,4
work-space,4
ludwig-and-the-machine,4
anthropology-worth,4
ada-lovelace,4
table-conceptual-conversion,4
ds-faq,4
regression-and-you,4
linguistic-accommodation,4
first-computers,4
virtue-epistemology,4
turing-and-searle,4
frege,4
patrick-melrose,3
pomophobia,3
corpus-gavi,3
philpapers,3
turing-suicide,3
hume-name,3
ficciones,3
open-uni,3
Russell's-anti-scepticism,2
culture-footprints,2
dev-year,2
partisan-verbs,2
standard-meta,2
qualitative-languages,2